frame,time,u,v,X_world,Y_world,yaw_deg,area
0,0.0,2210.0294808934545,699.8281422678807,1226.5344098023545,1376.359325128674,155.70154333143495,10707.5
1,0.03336666666666667,2219.6732772061114,702.8743529778609,1236.9759389412209,1373.012576381168,154.01121652245158,10690.0
2,0.06673333333333334,2230.240572516701,707.0106293313355,1248.41735872315,1368.4682165113868,153.7755085628896,10678.0
3,0.10010000000000001,2240.2572076297683,710.9629143214509,1259.2625678104903,1364.1260005257625,152.28471711845555,10660.0
4,0.13346666666666668,2249.67053049778,713.7407805562048,1269.4545587892815,1361.0740710215282,152.21136662199717,10697.5
5,0.16683333333333333,2259.106452418876,717.550313876136,1279.6710182101303,1356.888690533799,-153.7819811915759,10673.0
6,0.20020000000000002,2269.9042108046724,722.7275965591799,1291.3619649249379,1351.2006190296856,-154.754362587629,10714.5
7,0.23356666666666667,2279.342714430656,725.8239444314368,1301.581219608766,1347.7987866057604,-155.2840463976384,10677.5
8,0.26693333333333336,2287.754771706587,729.0932042165668,1310.6891205138447,1344.2069828427082,-155.5736076086529,10688.0
9,0.3003,2298.024208566108,733.2538795779019,1321.8080430555526,1339.6358167678509,-156.6646536707253,10740.0
10,0.33366666666666667,2308.3090091351914,738.4533046983207,1332.9436001896836,1333.9234182615678,-157.50715693490417,10709.5
11,0.3670333333333333,2317.355660918204,742.2545127752211,1342.7385891275492,1329.7471843823103,-158.9328052444575,10756.5
12,0.40040000000000003,2326.790531113385,745.9738473940408,1352.9539098239336,1325.6609015666436,-160.153394474191,10751.0
13,0.4337666666666667,2336.7159180640065,751.571786892099,1363.7003227197995,1319.5106713995833,-161.40650822639276,10764.5
14,0.46713333333333334,2346.6300220546277,756.261956538503,1374.4345193315592,1314.3577713266282,-162.7072664781927,10806.5
15,0.5005000000000001,2355.640174861362,761.4214436875357,1384.189990105416,1308.6892510574205,-163.4745464400653,10789.5
16,0.5338666666666667,2365.146234865332,767.1934920929083,1394.4823894167741,1302.3477344617572,-164.9241956045595,10792.0
17,0.5672333333333334,2374.492048773703,773.1841068199731,1404.6012871088171,1295.766087870827,-166.1395053313922,10784.5
18,0.6006,2383.223871596233,778.9602913206847,1414.055404500036,1289.4200271141672,-166.77716430520033,10778.5
19,0.6339666666666667,2392.209553825238,784.955737856878,1423.784380495061,1282.8330720095823,-167.44388483161563,10788.0
20,0.6673333333333333,2401.0704408352667,792.0750657385923,1433.3782382365387,1275.0113538358685,-168.86114797114155,10775.0
21,0.7007,2409.997406446832,798.3213227121156,1443.0436405877351,1268.1488434276907,-169.82595583906846,10796.0
22,0.7340666666666666,2418.3294146687645,805.1598630010183,1452.06487079771,1260.6356152482767,-171.00714780845794,10803.0
23,0.7674333333333333,2427.002652110895,812.3905079100749,1461.4555566380416,1252.6915975499064,-172.0169866450982,10809.0
24,0.8008000000000001,2435.1536042909324,818.5866586519935,1470.280753887974,1245.8841368358671,-172.84317905452855,10813.5
25,0.8341666666666667,2442.769561797233,824.4685731032035,1478.5267018159736,1239.4219148503585,-173.49100755243558,10805.5
26,0.8675333333333334,2450.843474508353,831.109980888971,1487.2684869081352,1232.125268194934,-174.60929939168344,10814.0
27,0.9009,2458.812960212858,839.2920611348308,1495.897206813402,1223.1359468964724,-176.04680768735463,10774.0
28,0.9342666666666667,2466.5666728315146,846.1691017816411,1504.292304928015,1215.5804199278828,-177.36812360895593,10814.0
29,0.9676333333333333,2473.5006017404185,853.0178362031722,1511.7998069948233,1208.0559918664333,-177.9490462443229,10802.0
30,1.0010000000000001,2480.1203763589883,861.3591887646678,1518.967167993708,1198.8916845037706,-178.8794288585476,10823.0
31,1.0343666666666667,2487.253926459719,869.2720189701896,1526.6908038758331,1190.1981773564164,-179.50356255739064,10824.0
32,1.0677333333333334,2493.6834737763043,877.5321176958143,1533.6522020098575,1181.123140303434,179.63894396109603,10858.5
33,1.1011,2500.509488848871,886.184313001185,1541.0428636302202,1171.617322565167,177.8359634899733,10828.5
34,1.1344666666666667,2506.794543078933,893.74985781262,1547.847816239642,1163.305363862206,176.746765513745,10842.5
35,1.1678333333333333,2513.05266872248,901.504886393274,1554.6236127354703,1154.7852269904702,176.9592464679385,10863.5
36,1.2012,2519.6578802351214,910.6055749448934,1561.7752059713314,1144.7866678258695,174.85170488446528,10888.0
37,1.2345666666666666,2525.6636556773196,920.3199596496859,1568.2777779096143,1134.1138654694726,173.70012368246415,10904.5
38,1.2679333333333334,2531.698176091975,927.9390603739546,1574.8114725985004,1125.7430670468525,173.20951303087725,10901.5
39,1.3013000000000001,2537.457176880095,936.2536411101951,1581.0468567346204,1116.6081728079596,171.7215433627504,10917.0
40,1.3346666666666667,2543.2570494607885,945.8284300247457,1587.3264935694986,1106.0887387115515,171.31895949396335,10911.0
41,1.3680333333333334,2549.145009934281,954.767858780376,1593.7015049093563,1096.267349175592,169.35739622134824,10905.0
42,1.4014,2554.328500198831,963.3954605243032,1599.3137724110345,1086.7885513905699,168.17759648787657,10897.0
43,1.4347666666666667,2560.005294648732,972.9757303095686,1605.460150117727,1076.2630956827416,167.7493276090518,10891.5
44,1.4681333333333333,2565.0015252737862,982.8471065556266,1610.8696679014581,1065.4178130568812,167.17412600248792,10927.0
45,1.5015,2570.4357459154066,991.7229500687127,1616.7534061448753,1055.6662820603021,165.85451907281004,10915.0
46,1.5348666666666666,2575.1788981747877,1001.1524866420058,1621.8889109731356,1045.3064308481587,164.22801247270624,10948.5
47,1.5682333333333334,2579.562462887681,1011.310281825241,1626.635083247814,1034.1464712972522,163.36480068980313,10946.5
48,1.6016000000000001,2584.4504393190555,1020.52329306242,1631.9273920734688,1024.024507731905,162.56163281932172,10926.0
49,1.6349666666666667,2588.361426478667,1029.9836263199657,1636.1618952778988,1013.6308214458736,161.4001675157486,10922.0
50,1.6683333333333334,2592.24058660325,1040.713619317662,1640.3619387215788,1001.8422112528431,160.26999924158113,10933.0
51,1.7017,2596.1529924692823,1050.4899996951126,1644.59797798753,991.1012967533368,159.75917733567078,10933.0
52,1.7350666666666668,2599.8483710994124,1059.4877088578621,1648.5990375697409,981.21587688655,158.19121508546937,10922.5
53,1.7684333333333333,2603.46849681548,1069.1475215468101,1652.5186193324823,970.6030306011753,157.6824788836796,10964.5
54,1.8018,2606.6669711362806,1080.0529624893434,1655.9816707841935,958.6216628330658,155.94061080687908,10948.0
55,1.8351666666666666,2610.331066587559,1089.5568131684238,1659.9488594495008,948.1801657125643,157.02881983031511,10955.5
56,1.8685333333333334,2613.3189206465163,1099.2790156150124,1663.183868175094,937.4987743188171,154.2195759828661,10951.0
57,1.9019,2616.056666060936,1109.887440184142,1666.148079321066,925.8437264511733,153.18205899273713,11006.0
58,1.9352666666666667,2619.000958772771,1119.651098023102,1669.3359233139574,915.1167896911645,153.00816867968572,10951.5
59,1.9686333333333335,2621.3679226611857,1129.1809697800106,1671.8986819631725,904.6467042627876,151.3132659183485,10947.5
60,2.0020000000000002,2623.6125404125496,1140.1188166901932,1674.3289740283128,892.6297333660807,149.94394284640666,10980.5
61,2.0353666666666665,2625.4401637224023,1150.8302521264131,1676.3077779584262,880.861511616773,149.14308660470775,10953.5
62,2.0687333333333333,2627.5173063481934,1160.918786276476,1678.556741390422,869.7776463673081,148.7762298860984,10969.0
63,2.1021,2629.2862422562516,1171.8711924993563,1680.4720033090646,857.7446797414234,147.57902291656754,11003.5
64,2.135466666666667,2630.3008956669087,1182.910584604212,1681.5705886389226,845.6161452381759,146.6400358174677,11016.0
65,2.168833333333333,2632.263494801834,1192.5719344440913,1683.6955335662994,835.0016101471199,145.8871695584711,11013.5
66,2.2022,2633.690386790319,1202.0306114755333,1685.2404577634463,824.6097434898556,144.47669988892463,11052.5
67,2.2355666666666667,2634.4821115161335,1213.0232962812954,1686.0976737939952,812.5325244107937,143.85022700864414,11110.5
68,2.2689333333333335,2635.0985571154306,1224.4090022798175,1686.7651116451177,800.0235088114505,142.94907726003422,11112.0
69,2.3023000000000002,2635.7546165039075,1234.664851566836,1687.4754401298267,788.7558211746473,141.73605048694938,11110.5
70,2.3356666666666666,2636.419092613423,1244.9286539182601,1688.1948815649882,777.4793958270047,140.51493983225836,11112.5
71,2.3690333333333333,2636.46278854204,1255.2372024877407,1688.242192011737,766.153809615754,138.92073269937694,11148.0
72,2.4024,2637.317345943106,1264.47340689034,1689.1674382233716,756.006364655746,138.7385799520787,11102.5
73,2.435766666666667,2637.8765874794562,1273.7651128044224,1689.7729401033528,745.7979424253763,137.90241266225843,11155.0
74,2.469133333333333,2637.4303996407725,1284.503652147882,1689.2898436994076,733.9999427072269,135.95665929684637,11135.0
75,2.5025,2637.248254367826,1294.6301807066438,1689.0926314073479,722.8743345345595,135.33583066614585,11123.0
76,2.5358666666666667,2636.872349029475,1303.8149412892403,1688.6856312575526,712.7834088230713,134.14124218960993,11128.0
77,2.5692333333333335,2636.427846211273,1313.6912280701754,1688.2043592586326,701.9327311907541,133.98875497503133,11162.5
78,2.6026000000000002,2635.2647190208168,1324.1459692069448,1686.9450184287755,690.4465291068502,131.8328800728072,11193.0
79,2.6359666666666666,2634.2362837245905,1334.2110858687097,1685.831511178639,679.3883917065373,131.79009517812727,11224.5
80,2.6693333333333333,2632.681990465192,1344.768914157117,1684.1486471039327,667.7889319302162,130.34229909341803,11257.0
81,2.7027,2630.2915995465664,1355.7722391265438,1681.5605235454384,655.7000229328237,129.216122909378,11174.0
82,2.736066666666667,2628.858568232662,1365.2827293064877,1680.0089521791494,645.2512312607253,128.2687636581714,11175.0
83,2.769433333333333,2627.0916648077923,1375.0058145587032,1678.0958908702821,634.5688699640702,127.57347314960126,11207.5
84,2.8028,2624.214776937898,1385.9054690973767,1674.981027433844,622.5938594843146,126.75163748695145,11245.0
85,2.8361666666666667,2621.7911702143483,1395.8739792047838,1672.3569404659468,611.6418598057746,124.69634309316714,11204.5
86,2.8695333333333335,2619.887345885076,1404.7657304787763,1670.295632183928,601.8728515944008,124.78913118307145,11233.5
87,2.9029000000000003,2617.141528249092,1414.2376019527296,1667.3226810839026,591.4664887357396,123.29547526712403,11198.0
88,2.9362666666666666,2613.978745118921,1424.5187699680512,1663.8982731906897,580.170984434134,122.19995326876975,11268.0
89,2.9696333333333333,2611.829921657821,1434.087216994455,1661.5716994995903,569.6585179142439,122.27012109875055,11211.5
90,3.003,2609.122828711064,1443.5912971795324,1658.6406763870334,559.2167686447676,121.70154797409482,11322.0
91,3.036366666666667,2605.0125459177625,1454.4697831496624,1654.1903918555251,547.2650152168067,120.21812493054202,11252.0
92,3.069733333333333,2602.1399251800262,1463.7541587188928,1651.08014852753,537.0646465404384,119.3824303149689,11271.5
93,3.1031,2598.4286896633266,1473.5615264106882,1647.0619203803888,526.2896875294568,-119.89686828798975,11277.0
94,3.1364666666666667,2594.428199010251,1483.837251089902,1642.7305099721214,515.0001636015136,-119.98854940246595,11316.0
95,3.1698333333333335,2590.7373243919405,1493.0739737383606,1638.7343269726514,504.85214926569915,-121.37125459659262,11258.5
96,3.2032000000000003,2587.0907846375903,1501.8742318051277,1634.786146207872,495.18366094800285,-123.1233219586197,11200.5
97,3.2365666666666666,2582.5787425459816,1511.0846243766737,1629.900868932419,485.06457440488475,-124.02271456065331,11263.5
98,3.2699333333333334,2577.138548622474,1520.6990079452821,1624.0106632984782,474.501639260292,-125.10150102112732,11306.5
99,3.3033,2573.638028918655,1529.8570478133593,1620.2205813324547,464.4400705192711,-126.7522053542375,11273.0
100,3.336666666666667,2569.435366963054,1537.843926988878,1615.6702760535452,455.66520875754986,-127.16869795330828,11359.0
101,3.370033333333333,2564.1659285891756,1546.7935575335057,1609.9649508328018,445.83261092781163,-128.97056302045908,11403.5
102,3.4034,2559.291489988221,1556.1399587750293,1604.6872996840855,435.56409714894585,-130.5403681629726,11320.0
103,3.4367666666666667,2555.178378777802,1564.1725264169065,1600.2339527693832,426.73903931344034,-130.06506540599702,11277.5
104,3.4701333333333335,2549.4276916699973,1572.9219552634304,1594.0075700194864,417.1263950083162,-131.45133193201562,11258.5
105,3.5035000000000003,2542.727835143315,1581.905717761557,1586.753502753698,407.25629777899667,-132.52986359678528,11234.0
106,3.5368666666666666,2538.1669336180817,1590.2455211484842,1581.8153244024272,398.0936924319003,-133.83554626205668,11238.0
107,3.5702333333333334,2532.903575876179,1597.998947399632,1576.116582802273,389.57531597491516,-134.06984634032835,11242.0
108,3.6036,2525.9259242821004,1606.1879188673383,1568.5617413188618,380.5784235691733,-135.10129033686735,11265.5
109,3.636966666666667,2519.572290943609,1614.973183827237,1561.6825367514177,370.92640757280014,-135.77100562461257,11237.0
110,3.6703333333333332,2513.9187114522783,1622.7486059960654,1555.5612943398426,362.3838650889195,-137.6819039083572,11268.5
111,3.7037,2507.9432803950353,1630.890119667245,1549.0915768677303,353.4391126485991,-138.2566003411621,11239.5
112,3.7370666666666668,2501.1398074383965,1639.0172088952186,1541.7253220424393,344.51020776179007,-139.76544915394382,11234.5
113,3.7704333333333335,2495.0971677947987,1646.98239520247,1535.1828365036802,335.7591790788067,-140.23816484008478,11228.0
114,3.8038,2488.416339519391,1654.643171544135,1527.949371502156,327.3425933375795,-140.71148477937214,11208.0
115,3.8371666666666666,2480.1070670171216,1662.9927829999554,1518.9527577058486,318.1692122610905,-142.63322588746428,11223.5
116,3.8705333333333334,2473.2003718363917,1670.8565881012353,1511.474742135548,309.5295670168805,-142.5982286887575,11116.0
117,3.9039,2465.9303034377663,1678.2519833266101,1503.603295190306,301.4045447960775,-144.5609108158136,11155.5
118,3.937266666666667,2457.9682831636087,1685.7766064031819,1494.9826582542325,293.137545151415,-145.97231623811152,11145.5
119,3.9706333333333332,2450.547161336687,1692.8350101808599,1486.9476627725069,285.3827618316195,-147.14915061037266,11132.0
120,4.0040000000000004,2444.0032436132065,1699.878394262673,1479.862433535304,277.6444800454042,-148.2548759131505,11201.5
121,4.037366666666666,2437.0347696658478,1706.9834486864625,1472.3175288716413,269.83844354376765,-148.32550731437138,11197.5
122,4.070733333333333,2427.8560379129967,1713.881879554701,1462.3795343362897,262.2594160023059,-149.69396916475407,11183.5
123,4.1041,2420.458104992064,1721.1403138382295,1454.369645942036,254.28486723991455,-150.6245059397332,11131.0
124,4.137466666666667,2413.2732638264724,1727.474414284858,1446.5904762088273,247.3258467536166,-152.26284041573476,11126.0
125,4.170833333333333,2404.838168691987,1733.8667174865102,1437.457631758323,240.3028812497139,-153.2707811625877,11150.5
126,4.2042,2397.037490252534,1739.8979215403995,1429.011682819981,233.67664080377972,-154.85296886817463,11114.0
127,4.237566666666667,2389.4506596148385,1745.7758056564028,1420.797271129102,227.21884678487913,-155.5055996018362,11155.5
128,4.270933333333334,2380.753134185112,1751.8710185351808,1411.3802882038892,220.52228242674028,-155.64699310100173,11114.0
129,4.3043000000000005,2372.064436183395,1757.5672952031173,1401.9728629096965,214.26401318049056,-158.14780636240985,11163.5
130,4.337666666666666,2365.5851721492713,1762.827429568461,1394.9576355015931,208.48491587732246,-159.43020583337236,11080.5
131,4.371033333333333,2356.9350061144073,1768.0190829898695,1385.591929530541,202.7810558230392,-159.39948613106836,11039.5
132,4.4044,2346.789718707961,1773.0813192460585,1374.6074260588582,197.2193811842908,-160.6762862848494,11026.5
133,4.437766666666667,2338.764219920703,1778.0534424796103,1365.9180596802764,191.75671008612335,-161.50923878607605,11055.5
134,4.471133333333333,2330.870293076853,1782.5773220820854,1357.37114884891,186.7865061721759,-163.15887725212738,11021.0
135,4.5045,2320.9634092734905,1787.5460264047413,1346.644769676798,181.32759129340639,-163.15659115141702,10995.5
136,4.537866666666667,2311.3745831059364,1792.0416439269904,1336.2627578020104,176.38843778621117,-164.8641785468813,10994.0
137,4.571233333333334,2303.0671576924838,1796.400506275066,1327.2681438853226,171.59953166879131,-165.87552118666378,10929.5
138,4.6046000000000005,2293.907568674183,1800.7024933541113,1317.3508755675437,166.87311211369865,-166.04871103041708,10909.0
139,4.637966666666666,2283.3273850482437,1804.4611220698198,1305.8955013514985,162.743658459877,-166.61617231263162,10899.5
140,4.671333333333333,2273.9867444245456,1808.7071221931396,1295.7822048771611,158.0787495131401,-168.86374410352371,10888.5
141,4.7047,2264.3703345759122,1812.4029331001577,1285.370327604929,154.0183112501013,-168.7113936895135,10864.5
142,4.738066666666667,2253.5507554078586,1815.7462383457953,1273.6557550972918,150.34515672841644,-170.2927044304132,10833.0
143,4.771433333333333,2244.735007617377,1819.358170598464,1264.1107704822186,146.3768725571697,-172.06333905487912,10830.5
144,4.8048,2235.859813800825,1822.6642739919323,1254.5014224781564,142.74459020881955,-173.5549434829011,10866.5
145,4.838166666666667,2224.696779358335,1825.5872744627131,1242.4149841471797,139.53320757777055,-173.64036867096212,10826.0
146,4.871533333333334,2214.116437621608,1828.0076297283633,1230.9594387414552,136.87406094444805,-174.55719514633182,10878.5
147,4.9049000000000005,2205.304176444424,1831.18348440927,1221.418229151607,133.38487759913187,-176.7208757777318,10866.5
148,4.938266666666666,2195.821767579025,1834.0469081190674,1211.1514373960865,130.23894955057403,-177.97670694885832,10851.0
149,4.971633333333333,2184.7700155655216,1835.8476890594418,1199.1854867534882,128.26050421946616,-177.8390211624974,10814.5
150,5.005,2175.221077434855,1838.5169407996057,1188.8466624457071,125.32790507624054,-178.98833655778816,10822.0
151,5.038366666666667,2165.974381489355,1840.4710077949285,1178.835081733819,123.18105054391481,-179.64227911632946,10819.0
152,5.071733333333333,2154.676684081557,1842.4627583337185,1166.6028411450382,120.99279462346885,178.99576815599667,10814.5
153,5.1051,2143.821043193272,1843.8706366137958,1154.8492238991687,119.44601558580985,177.3488249167107,10781.0
154,5.138466666666667,2134.8817179356315,1845.8905643452572,1145.1704395145427,117.22680252114105,176.6540422415465,10776.5
155,5.171833333333334,2125.5212407699196,1847.3173448265206,1135.0356656235597,115.65925639802163,176.34733556657116,10789.0
156,5.2052000000000005,2114.216506789008,1847.8821848401994,1122.7958063978,115.03868947462138,174.6380571295115,10789.5
157,5.238566666666666,2103.9102748519012,1849.20347083662,1111.637045097338,113.58704588373962,173.04785691546445,10775.5
158,5.271933333333333,2094.1312328639806,1849.9538237526524,1101.0490827890656,112.76266342270651,173.23379294104262,10759.5
159,5.3053,2082.8470719880643,1850.5748787765758,1088.8314984712695,112.08033533665571,171.3470110083695,10724.0
160,5.338666666666667,2072.0324729780095,1851.1315380792644,1077.1223180792656,111.4687562302081,170.20175240275168,10732.0
161,5.372033333333333,2062.215225053177,1851.430061949788,1066.4929894469221,111.14078010350659,169.34418578754367,10734.5
162,5.4054,2052.003159264077,1851.9802236263395,1055.4361836986548,110.53633967662086,168.27281243259927,10762.0
163,5.438766666666667,2040.5956192603624,1851.2301129312484,1043.0850143572573,111.36045601928299,166.70759334660337,10744.0
164,5.472133333333334,2029.353184411385,1850.6074554244585,1030.9126076346745,112.04454468857534,166.41788876047343,10721.5
165,5.5055000000000005,2018.5704558497355,1850.1214616971442,1019.2379340079426,112.5784863797578,165.27844392867598,10745.5
166,5.538866666666666,2007.733544756397,1849.1899542953083,1007.5045958817639,113.60189596208693,164.59774127095653,10721.0
167,5.572233333333333,1997.5842712370988,1849.0773206307695,996.515776566803,113.7256420228855,162.47517816217032,10706.5
168,5.6056,1987.6147772400097,1848.590096798213,985.7216080987548,114.26093518104472,161.4947396734656,10744.0
169,5.638966666666667,1977.048951591625,1847.8001117474507,974.2817795491826,115.12885986876404,161.23606981403697,10738.5
170,5.6723333333333334,1966.4571237124644,1846.3924859364529,962.8137978697107,116.67536152883645,160.06978354320947,10695.5
171,5.7057,1956.664783339559,1845.684067986552,952.2114371368118,117.45367173527552,159.0479457611118,10708.0
172,5.739066666666667,1947.0182733835381,1844.3666214509565,941.7669698825664,118.90109706552767,157.80646291391687,10689.5
173,5.772433333333334,1936.1909816390782,1841.9963839271797,930.044046815806,121.50518135884431,156.55085526387373,10693.0
174,5.8058000000000005,1925.9187570198428,1839.7973449394733,918.92210591148,123.92117673096732,155.96987304511836,10684.0
175,5.839166666666666,1915.898281561876,1837.5939995009978,908.0727388067087,126.34190342672173,155.46377817231405,10688.0
176,5.872533333333333,1905.2727045323074,1834.9935275080907,896.5682162541227,129.19893703791377,154.11665500229554,10660.5
177,5.9059,1895.3561000798009,1832.93805254346,885.8313123427904,131.45720441281037,153.24797467622264,10651.5
178,5.939266666666667,1885.8849390348614,1830.7013254648493,875.5766988250994,133.91460616913923,152.00860415449947,10675.5
179,5.9726333333333335,1875.6401789751023,1827.8011006656998,864.4844943429002,137.10096608910135,150.92647414001271,10690.5
180,6.006,1865.653885912978,1824.520925351627,853.6721371946494,140.70476230320014,149.54464228363776,10641.0
181,6.039366666666667,1856.8026031388029,1821.6890486483098,844.0886781494187,143.81603092912542,-151.28097371951242,10641.0
182,6.072733333333334,1848.0554279374305,1818.8442798431076,834.6179384337709,146.94146358700527,-153.01867375008516,10665.5
183,6.1061000000000005,1838.6232334164665,1814.973758097658,824.405514742818,151.19384959606873,-153.59392442627473,10625.5
184,6.139466666666666,1829.4378956252638,1811.4780012816302,814.4603677189953,155.03449650447124,-155.09179746687443,10663.5
185,6.172833333333333,1819.7803967510151,1807.3473758200562,804.004002545491,159.57264796741788,-156.38368774253368,10670.0
186,6.2062,1810.3478879404684,1802.8640058781225,793.7912385669863,164.49834555249095,-156.2311730356464,10661.0
187,6.239566666666667,1800.7237752430815,1798.0149432809771,783.3710212679534,169.8258148967509,-156.43081549002218,10696.0
188,6.2729333333333335,1792.1663069656875,1793.2931093803757,774.1056809935985,175.01350320767324,-158.66240119149282,10657.0
189,6.3063,1783.1946330726362,1788.305484006931,764.3918721011655,180.49320588120054,-160.23215678229536,10676.5
190,6.339666666666667,1774.274112943528,1782.4313780609693,754.7334484013948,186.9468489771814,-160.56292832298573,10672.0
191,6.373033333333334,1765.7911969689883,1777.56968676427,745.5488273808885,192.2881929638868,-162.07864561871946,10689.5
192,6.4064000000000005,1757.4758193725013,1772.2935896837616,736.545603478239,198.08482785787533,-162.69694159550414,10714.5
193,6.439766666666666,1748.6539460384104,1766.087131638286,726.9939866158625,204.90361279028093,-163.9192633549711,10717.5
194,6.473133333333333,1740.4459658007438,1760.407452561818,718.1070439592293,211.14364693274206,-165.61059837940812,10663.0
195,6.5065,1733.0307560538813,1754.8875029198784,710.0784496035963,217.20819279292618,-165.86337430500734,10702.5
196,6.539866666666667,1724.970895522388,1748.6789645522388,701.3518790844394,224.02926329132174,-166.3889309058367,10720.0
197,6.5732333333333335,1717.10840856292,1741.9353103512792,692.8390088381552,231.4382439559663,-167.41513056314665,10689.5
198,6.6066,1709.32443965113,1736.6879083434928,684.4111516361306,237.2033527318249,-168.63162358134466,10663.0
199,6.639966666666667,1701.5748537736588,1730.3439651252136,676.020521625876,244.17318707403456,-169.1099604331438,10628.5
200,6.673333333333334,1693.412934157921,1722.5732602448775,667.1834497162422,252.7105468634611,-170.61283310649043,10672.0
201,6.7067000000000005,1685.565460179636,1716.5392383559058,658.6868343218234,259.3398831510592,-171.98253310913785,10595.5
202,6.740066666666666,1678.6903533273364,1710.8403951458913,651.243020059914,265.6009721534922,-172.20222569495579,10561.5
203,6.773433333333333,1671.0101488391178,1703.6551288728947,642.9275106530079,273.4951341761207,-173.48321482080283,10559.5
204,6.8068,1663.2832699917105,1695.829055818827,634.5614659936236,282.0933247431035,-174.9463374673153,10656.5
205,6.840166666666667,1655.9023364559303,1689.1204632114109,626.5699831701284,289.4637846501746,-176.54041674513812,10621.5
206,6.8735333333333335,1648.509828048588,1682.3847925540306,618.5659680041015,296.86399411774255,-176.7514500247806,10565.0
207,6.9069,1640.9660117754477,1674.2450489594155,610.3981288170721,305.8068018463903,-178.07016969485505,10587.0
208,6.940266666666667,1633.6669680100235,1667.5877781478484,602.4953096687134,313.1208765679537,-178.30399123440387,10508.5
209,6.973633333333334,1627.042647105522,1660.9052427677748,595.3230263160701,320.46270845113713,-179.93365919855793,10497.0
210,7.007000000000001,1619.9675051912436,1652.6713110466499,587.6626301334386,329.5089968725006,179.52959088358907,10514.5
211,7.040366666666666,1613.1977747178828,1644.173749267999,580.3329089626277,338.844924996705,177.7563236668063,10530.5
212,7.073733333333333,1606.9380024956956,1636.1046770601336,573.5553296835164,347.71008892536406,177.0900220197784,10551.5
213,7.1071,1600.6123526055535,1628.4051286927854,566.7064233494518,356.16927192618596,176.24695678879584,10516.0
214,7.140466666666667,1594.6348677424985,1619.7016708716142,560.2344821811375,365.7314097213641,175.29551634125625,10503.5
215,7.1738333333333335,1588.312091191973,1612.1879723121863,553.3886868687453,373.98640704000604,174.23613289447266,10498.0
216,7.2072,1582.5483136473601,1603.9018705627498,547.148130843829,383.0900125656451,173.06018861640015,10540.5
217,7.240566666666667,1576.22675650881,1594.652652557654,540.3036558129172,393.25175504542517,171.71761240904777,10537.0
218,7.273933333333334,1570.1453865297128,1585.9966871146194,533.7192361733576,402.7617148817628,170.768807025113,10514.5
219,7.307300000000001,1564.7242536486528,1577.939136353563,527.8496683073333,411.6142206618729,170.06163107961018,10529.0
220,7.3406666666666665,1559.178707043858,1569.508686159104,521.8453952402101,420.8764159974685,169.02893198790466,10534.0
221,7.374033333333333,1554.1614531415642,1560.1575133304852,516.4131151381164,431.1501721264717,167.74634873089303,10533.5
222,7.4074,1549.0765656852984,1551.6484457718989,510.90760684852603,440.49874118666344,166.86254391597953,10546.5
223,7.440766666666667,1544.049661900011,1543.279554056408,505.4648786271234,449.6933047062096,165.58331441407506,10524.5
224,7.4741333333333335,1539.755235727264,1533.87231838322,500.81521841410176,460.0286548195779,165.81100421785928,10457.0
225,7.5075,1534.976972010178,1525.4358142493638,495.64169771565435,469.29750137402334,164.78523636420826,10480.0
226,7.540866666666667,1531.0341386554621,1517.0939648586707,491.37271400548116,478.46235458287106,162.8109001887755,10472.0
227,7.574233333333334,1527.1004162907386,1507.5678807160834,487.1135949444986,488.92827871227905,163.1780799832381,10529.5
228,7.6076,1522.7844369337204,1498.9804985639707,482.44059867228293,498.3628888552287,162.1648359788303,10503.5
229,7.6409666666666665,1519.431720020325,1490.3218210111788,478.81054571278173,507.87582837708305,161.19411067546977,10496.0
230,7.674333333333333,1515.7205731021925,1480.2997704424918,474.79241349306267,518.8866507992839,159.72160495473375,10527.5
231,7.7077,1512.5796956728484,1470.6071326676176,471.3917233356958,529.5355606815888,158.83093020688978,10515.0
232,7.741066666666667,1508.7763437787726,1462.386163761628,467.27375896359126,538.567607381204,158.11952168757065,10499.0
233,7.7744333333333335,1505.8651637399146,1453.377677582661,464.1217667171013,548.4648675206977,157.49934614509277,10535.0
234,7.8078,1503.034949035943,1442.0881536179747,461.0574372411686,560.8682118018294,155.53814902853873,10563.0
235,7.841166666666667,1499.803772989186,1432.2855316125977,457.5589789835276,571.6379569187015,153.79278010227023,10557.5
236,7.874533333333334,1497.1770423403348,1423.1586458679058,454.71496572145406,581.6652978818877,152.7394540204842,10545.5
237,7.9079,1494.7300728078505,1412.693779677113,452.0655833779242,593.1626239539517,151.6375464323121,10530.0
238,7.9412666666666665,1492.389150382732,1402.1867541482432,449.53102033643586,604.7062687890098,151.21982362165622,10516.5
239,7.974633333333333,1490.1799408622662,1393.0327960066131,447.13906546369253,614.763353101941,150.6296190290083,10484.0
240,8.008000000000001,1488.3653082847068,1383.0319591378463,445.17432685654717,625.7508688883252,148.1781623820799,10539.5
241,8.041366666666667,1486.8099879548622,1372.408805629517,443.4903507523413,637.4220988469378,148.1160196337582,10516.0
242,8.074733333333333,1484.831041507512,1362.6834097275273,441.34770626625414,648.1069987612311,146.04073213543188,10472.0
243,8.1081,1483.6729326290074,1352.7755675058297,440.09379886206966,658.9923450825863,145.3492012449083,10506.5
244,8.141466666666666,1482.8615440837661,1341.3491745713968,439.2152924250395,671.5460617760964,144.7013500252248,10489.5
245,8.174833333333334,1481.817619070352,1331.1688706417783,438.0850141515291,682.7307507780945,143.81401241463922,10473.5
246,8.2082,1480.878936741864,1321.658654075452,437.0686842159639,693.1792418419554,143.14913996787706,10483.5
247,8.241566666666667,1479.785754034502,1311.3754034501947,435.8850736623019,704.4770342230336,141.72597566937705,10482.5
248,8.274933333333333,1479.8737638716652,1300.4894114280264,435.98036365489975,716.437034247389,139.73111119442714,10483.0
249,8.308300000000001,1479.3833460269104,1290.7627570449354,435.44937854797604,727.1233168040699,139.2813133260511,10504.0
250,8.341666666666667,1479.3936583432421,1280.994720570749,435.4605438969709,737.8550641938593,138.71271869370628,10512.5
251,8.375033333333333,1480.4197266276135,1270.0955692082994,436.5714883365242,749.8295218542085,137.69028637470052,10498.5
252,8.4084,1480.6125474138614,1259.7504324779,436.7802592181265,761.1953060009887,136.466816055464,10501.5
253,8.441766666666666,1481.337991002591,1250.2367145150777,437.5657113497091,771.6476439078467,135.61414887113946,10484.5
254,8.475133333333334,1482.1944656004061,1239.5086633663366,438.49303334820956,783.4341206698125,134.4271004630986,10504.0
255,8.5085,1483.7826596925026,1228.7846568394357,440.212602525447,795.2161537690224,133.60611283887624,10515.0
256,8.541866666666667,1484.6875667064915,1218.9064595778573,441.19236325951897,806.0689303693064,133.00073712939988,10462.5
257,8.575233333333333,1486.2228856196662,1208.906922685008,442.8546834340259,817.0550179246229,131.78149510479767,10468.0
258,8.608600000000001,1488.5789557389824,1197.9020468533804,445.4056471838269,829.1456307917156,130.98759342482555,10479.5
259,8.641966666666667,1490.423172922529,1187.389977901782,447.4024176294165,840.6948166317488,129.7110805439341,10483.5
260,8.675333333333333,1492.6213002702273,1177.6285328246702,449.78237361436504,851.4193223196328,129.18035481686312,10485.0
261,8.7087,1495.2917600317837,1166.7494159713945,452.6737332522564,863.3717688734403,128.95101982944365,10487.5
262,8.742066666666666,1497.8550447609034,1156.6187358628817,455.4490523613076,874.5019381862428,126.8238640411812,10463.0
263,8.775433333333334,1499.7857506118687,1147.4897174279265,457.5394657989052,884.5316222501356,125.87025636221205,10487.0
264,8.8088,1501.82927332128,1137.5199194341358,459.75202828202714,895.4850368774601,125.32100212241437,10509.0
265,8.842166666666667,1505.3387471736569,1127.1589758287953,463.5518050819155,906.8681873996973,124.7857492024873,10467.0
266,8.875533333333333,1507.3370481975733,1117.6657578801357,465.71540515111906,917.298002768473,122.09559636354882,10453.5
267,8.908900000000001,1510.2277410916515,1108.5272274858837,468.84521556047184,927.3381372380973,121.49654544864241,10449.0
268,8.942266666666667,1513.884552458105,1098.2392502581208,472.8045176029723,938.6411225465602,121.62152360090549,10492.5
269,8.975633333333333,1517.434301059891,1088.6325181548043,476.6479006711684,949.1956513350863,120.62805220567327,10488.5
270,9.009,1521.7544578351512,1078.8863748233537,481.32541991679454,959.9033456126633,117.69399324772539,10496.5
271,9.042366666666666,1526.0712456048238,1069.1661973175505,485.99929147339117,970.5825122857057,117.79824342011362,10475.5
272,9.075733333333334,1530.3195386918983,1059.5424193188696,490.5990024814839,981.1557687114152,-120.38130150316283,10463.0
273,9.1091,1533.9184205059366,1050.9197149112292,494.49558305103596,990.629185990739,-121.85114181729638,10429.5
274,9.142466666666667,1538.5476909314546,1041.8547946518427,499.5077857638098,1000.5884479764416,-122.20153853368663,10433.5
275,9.175833333333333,1544.1683538488348,1032.7348668472664,505.59338874928017,1010.6081445316781,-122.90706919763684,10520.5
276,9.209200000000001,1548.8538442059948,1023.5502484727629,510.6664618947543,1020.6989140048747,-124.21732068096568,10531.0
277,9.242566666666667,1553.7955661124306,1015.0795091053047,516.0169620099944,1030.0053734285818,-124.97585379307587,10525.0
278,9.275933333333333,1559.271033644358,1006.0678728745323,521.9453590779108,1039.9060944028429,-126.22732023103384,10556.5
279,9.3093,1564.8565226347228,997.3172505585397,527.9928785564346,1049.520049924698,-126.66277256378068,10518.5
280,9.342666666666666,1569.7542081162167,988.7643770724775,533.295699562816,1058.9167467891918,-128.34314176210745,10555.0
281,9.376033333333334,1575.0648104451784,980.1879188296366,539.0455938124499,1068.3393552739653,-128.26027100510464,10595.0
282,9.4094,1581.0586656622252,971.9582685939387,545.5352594870349,1077.3809398001113,-129.58793116886275,10619.5
283,9.442766666666667,1586.0604659937742,963.6002578373108,550.9508077022244,1086.5635488493617,-130.41913310299995,10601.0
284,9.476133333333333,1592.4310906471212,955.2700306959844,557.8484091025568,1095.7156331619594,-131.97151883831202,10642.0
285,9.509500000000001,1598.8037522101736,946.195481074653,564.748215905342,1105.685474538944,-132.12749668462249,10651.5
286,9.542866666666667,1603.6327686281911,938.2322526858885,569.9766875575913,1114.4343521359167,-133.03934887957053,10595.5
287,9.576233333333333,1609.316050779286,930.4070512820513,576.1300896267715,1123.031585055975,-133.9503362091233,10608.0
288,9.6096,1616.2767460354587,921.7151455614288,583.6665721475301,1132.5810310245781,-135.56049165167062,10688.5
289,9.642966666666666,1623.1857254901959,913.1835764705883,591.1470609465093,1141.9543216099887,-136.23133824449724,10625.0
290,9.676333333333334,1628.793504901961,905.533371040724,597.2187147054581,1150.3592935171125,-136.69549175872635,10608.0
291,9.7097,1635.2162166414903,897.9828329556898,604.1727118249139,1158.6547649355198,-139.60185530000513,10592.0
292,9.743066666666667,1642.7279082244522,889.7635391024427,612.3057689740715,1167.6849713222996,-140.68605709448235,10562.0
293,9.776433333333333,1648.4058655086692,882.2787847320557,618.4534057044928,1175.9081688287674,-140.82430849614337,10593.0
294,9.809800000000001,1655.4843690791968,875.6032745989642,626.1174416188794,1183.242282356664,-141.46530682176183,10556.0
295,9.843166666666667,1664.2602688045272,867.0674526448164,635.6192819451358,1192.6202453913243,-143.00901578610393,10602.5
296,9.876533333333333,1672.167601539791,859.9434362479378,644.1807076004668,1200.4471146473984,-143.45737839202306,10607.5
297,9.9099,1679.072471971948,853.0964353664481,651.6567474793724,1207.9696381383783,-145.4313878407396,10599.5
298,9.943266666666666,1686.8836749116608,846.3677110325873,660.114091502448,1215.3622159606816,-147.05402224938192,10612.5
299,9.976633333333334,1695.6629612184015,839.647385774847,669.6195985474251,1222.7455660570786,-147.50674619062005,10615.0
300,10.01,1702.976219781607,833.0036293631256,677.5378083386825,1230.044793053037,-148.42079205329583,10562.0
301,10.043366666666667,1710.583708833341,827.3243213331435,685.7745873033145,1236.284419541701,-149.07266378678057,10541.5
302,10.076733333333333,1719.2012956307924,821.1480833490951,695.1050190892081,1243.0700029124419,-150.13832895450875,10574.0
303,10.110100000000001,1727.2895150885804,815.1630321910695,703.8622943791474,1249.6455370346412,-150.78659124776203,10593.0
304,10.143466666666667,1735.3804436881576,809.3922133988781,712.6225029105217,1255.9857027039352,-153.15050542412712,10578.0
305,10.176833333333333,1743.7666540737941,803.9297317718172,721.7024188759142,1261.9871107758545,-152.35947112788168,10588.0
306,10.2102,1752.6279566850549,798.8377889889512,731.2967265970713,1267.5814227763663,-153.81663823816695,10604.5
307,10.243566666666666,1760.0966149283865,793.297999873809,739.3831906976902,1273.6677654649427,-155.16817105009503,10566.0
308,10.276933333333334,1768.417916568094,788.5160949451936,748.3928286791838,1278.9214513895915,-156.30448833209584,10567.5
309,10.3103,1777.5796175328978,783.7563665625296,758.3123836432417,1284.1507728383544,-156.86560390817925,10563.0
310,10.343666666666667,1785.262681934084,778.7974533187628,766.6309895345216,1289.598930653963,-157.45328344174635,10523.5
311,10.377033333333333,1793.1144792360647,774.2669648805559,775.1322858770734,1294.576395428965,-158.63225473549195,10507.0
312,10.410400000000001,1801.4170044991333,768.9707476828667,784.1215943039558,1300.3951354835567,-159.82739002683124,10483.5
313,10.443766666666667,1810.5290344041057,764.4526547551162,793.9873694284386,1305.358981811562,-161.0662577624682,10522.0
314,10.477133333333333,1818.44992349313,759.0231255816888,802.5634728162952,1311.324186352792,-161.42756441332207,10565.5
315,10.5105,1826.1065118787071,754.4142322453769,810.8534126014588,1316.3877914245472,-162.4963549670229,10509.0
316,10.543866666666666,1835.4909269094587,750.5865895295902,821.0141044927013,1320.5930679745215,-163.15967166144299,10544.0
317,10.577233333333334,1845.379581608539,745.8082980444402,831.7207466528141,1325.8427839546907,-164.16241497044345,10508.5
318,10.6106,1854.6568334519009,741.9175875424867,841.7654108400834,1330.117350535611,-164.96725241803279,10542.5
319,10.643966666666667,1863.892526250772,737.922791846819,851.7650782273413,1334.5062713174916,-165.8640360712375,10523.5
320,10.677333333333333,1872.2676548623356,733.8402364043659,860.8329957366132,1338.9916101907647,-167.07059173452612,10490.5
321,10.710700000000001,1880.4412503178235,730.1093471904398,869.682709309034,1343.0905875736762,-167.97206083564123,10488.0
322,10.744066666666667,1889.5028689174194,726.7260263116183,879.4939031154393,1346.807705656319,-169.23301416769425,10515.0
323,10.777433333333333,1899.6598302799584,723.737029106194,890.491046210436,1350.0915962357788,-169.94957074270033,10507.5
324,10.8108,1909.0496154878642,720.0491259652281,900.6575524987704,1354.1433465554514,-170.9004642002073,10554.5
325,10.844166666666666,1918.9284164171775,717.5506977775665,911.3535257873298,1356.8882687567934,-172.62579597192138,10521.5
326,10.877533333333334,1930.2089779597277,715.1839862902842,923.5672130356518,1359.488479136141,-173.09165713432864,10503.5
327,10.9109,1939.843448756976,712.3127853881278,933.9986452544133,1362.6429516720193,-173.8525450990235,10512.0
328,10.944266666666667,1948.7960860684939,710.345429788312,943.6918428632459,1364.8044058577102,-175.33748972730257,10526.5
329,10.977633333333333,1959.0839582344565,708.0015978484416,954.8307256761116,1367.3794794018438,-176.5066257198028,10535.0
330,11.011000000000001,1970.1288973083904,706.5908753650642,966.7892998141949,1368.929383250863,-177.61707660237548,10557.5
331,11.044366666666667,1980.0779360047939,704.7776726435476,977.5613209233372,1370.92147589151,-178.44516097142625,10568.5
332,11.077733333333333,1990.46036633507,703.1624822359072,988.8025837322109,1372.6960203956191,-179.40952282124096,10555.0
333,11.1111,2001.1460025180986,702.373701605288,1000.3721335189464,1373.5626218355437,179.73869344536936,10590.0
334,11.144466666666666,2011.0595568954416,700.6347292226043,1011.1057350535318,1375.4731605992042,179.55571678641698,10614.5
335,11.177833333333334,2020.8290739343645,700.0262165220671,1021.6833845110057,1376.1417089408183,177.87681389025997,10604.0
336,11.2112,2031.7508876111476,699.5294875420241,1033.5086483446814,1376.687445020848,176.8588118209794,10609.0
337,11.244566666666667,2040.9055505889364,698.3334901739362,1043.4205831409015,1378.0014390530255,175.56736917951721,10626.5
338,11.277933333333333,2049.7567432176456,697.6649290064026,1053.0039445838522,1378.7359602214867,174.63091048593415,10646.5
339,11.311300000000001,2060.6578366445915,697.5721196749801,1064.806774192932,1378.8379260876948,173.99271219629296,10645.5
340,11.344666666666667,2070.5333145115756,697.3495043603739,1075.4991495361367,1379.08250454804,172.7484243587047,10626.0
341,11.378033333333333,2078.9369064409966,696.4483779971791,1084.597884843002,1380.072535709537,172.02649060539937,10635.0
342,11.4114,2088.9222143809297,696.4444914921979,1095.4091753799587,1380.0768056556822,170.54535428146707,10627.5
343,11.444766666666666,2100.119270221596,697.2549056456033,1107.5324493520964,1379.1864363375043,170.0102019156648,10642.5
344,11.478133333333334,2109.1300075230392,696.9995454830417,1117.288552969943,1379.4669902405603,168.81818541165387,10634.0
345,11.5115,2117.9433421102126,697.279966773243,1126.830924762032,1379.158902688153,167.2452110559783,10634.0
346,11.544866666666667,2128.499710580247,698.5696875831103,1138.2605138374267,1377.7419384936163,166.3064333489608,10653.5
347,11.578233333333333,2138.5227706358887,699.590191110694,1149.1126793372553,1376.620752460235,165.4541798152101,10657.0
348,11.611600000000001,2147.38671875,700.0707831325301,1158.7098513967087,1376.0927454048228,164.43218274807697,10624.0
349,11.644966666666667,2157.0184490892616,701.2514762395726,1169.1383164673687,1374.7955655465032,163.57161970394063,10669.0
350,11.678333333333333,2168.033391282557,703.3494024965152,1181.0644123890836,1372.4906586502798,162.1826821431845,10641.5
351,11.7117,2177.5191011235956,704.5417602996255,1191.3347781762625,1371.1806632612331,162.1574785789063,10680.0
352,11.745066666666666,2186.5000704192294,705.7314367087616,1201.0586513850474,1369.8736138115119,160.27890884331592,10650.5
353,11.778433333333334,2196.814423676012,707.9019314641744,1212.2262057990608,1367.488978835229,158.94418347915476,10700.0
354,11.8118,2207.048338415826,710.4707326608805,1223.3066678387033,1364.666740649439,157.74771871921953,10657.5
355,11.845166666666668,2217.171461539661,713.0955388189799,1234.2671736029245,1361.7829720731927,156.48272756794813,10688.5
356,11.878533333333333,2227.5581916682236,715.7421850675634,1245.5130918885059,1358.8752086711015,154.98735876270615,10706.0
357,11.911900000000001,2237.69066591669,718.8029905315459,1256.483722300444,1355.5124252564865,154.35987769550744,10667.0
358,11.945266666666667,2247.1607206870217,720.8347906048846,1266.737138032722,1353.2801685290215,153.5590567932253,10693.5
359,11.978633333333333,2256.9613686534217,723.9245250753971,1277.3484935615222,1349.8856019826442,151.89645532970178,10721.0
